{"data":{"markdownRemark":{"html":"<ul>\n<li><strong><a href=\"https://github.com/facebook/react-devtools\">React Developer Tools</a>:</strong> an extension available for <a href=\"https://chrome.google.com/webstore/detail/react-developer-tools/fmkadmapgofadopljbjfkapdkoienihi\">Chrome</a>, <a href=\"https://addons.mozilla.org/firefox/addon/react-devtools/\">Firefox</a>, and as a <a href=\"https://github.com/facebook/react-devtools/tree/master/packages/react-devtools\">standalone app</a> that allows you to inspect the React component hierarchy in the Chrome Developer Tools.</li>\n</ul>","frontmatter":{"title":"Debugging","next":null,"prev":null},"fields":{"path":"content/community/tools-debugging.md","slug":"community/debugging-tools.html"}}},"pageContext":{"slug":"community/debugging-tools.html"}}