{"data":{"markdownRemark":{"html":"<p>最简易的 React 示例如下：</p>\n<div class=\"gatsby-highlight\" data-language=\"jsx\"><pre class=\"gatsby-code-jsx\"><code class=\"gatsby-code-jsx\">ReactDOM<span class=\"token punctuation\">.</span><span class=\"token function\">render</span><span class=\"token punctuation\">(</span>\n  <span class=\"token tag\"><span class=\"token tag\"><span class=\"token punctuation\">&lt;</span>h1</span><span class=\"token punctuation\">></span></span><span class=\"token plain-text\">Hello, world!</span><span class=\"token tag\"><span class=\"token tag\"><span class=\"token punctuation\">&lt;/</span>h1</span><span class=\"token punctuation\">></span></span><span class=\"token punctuation\">,</span>\n  document<span class=\"token punctuation\">.</span><span class=\"token function\">getElementById</span><span class=\"token punctuation\">(</span><span class=\"token string\">'root'</span><span class=\"token punctuation\">)</span>\n<span class=\"token punctuation\">)</span><span class=\"token punctuation\">;</span></code></pre></div>\n<p>它将在页面上展示一个 “Hello, world!” 的标题。</p>\n<p><a href=\"/redirect-to-codepen/hello-world\" target=\"_blank\" rel=\"noreferrer\"><b>在 CodePen 上尝试</b></a></p>\n<p>点击链接打开在线编辑器。随意更改内容，查看它们会怎样影响展示。本指南中的大多数页面都有像这样的可编辑的示例。</p>\n<h2 id=\"how-to-read-this-guide\"><a href=\"#how-to-read-this-guide\" aria-hidden=\"true\" class=\"anchor\"><svg aria-hidden=\"true\" height=\"16\" version=\"1.1\" viewBox=\"0 0 16 16\" width=\"16\"><path fill-rule=\"evenodd\" d=\"M4 9h1v1H4c-1.5 0-3-1.69-3-3.5S2.55 3 4 3h4c1.45 0 3 1.69 3 3.5 0 1.41-.91 2.72-2 3.25V8.59c.58-.45 1-1.27 1-2.09C10 5.22 8.98 4 8 4H4c-.98 0-2 1.22-2 2.5S3 9 4 9zm9-3h-1v1h1c1 0 2 1.22 2 2.5S13.98 12 13 12H9c-.98 0-2-1.22-2-2.5 0-.83.42-1.64 1-2.09V6.25c-1.09.53-2 1.84-2 3.25C6 11.31 7.55 13 9 13h4c1.45 0 3-1.69 3-3.5S14.5 6 13 6z\"></path></svg></a>如何阅读本指南 </h2>\n<p>在本指南中，我们将研究 React 应用程序的组成部分：元素和组件。一旦你掌握了它们，便可以使用这些可复用的小片段组成复杂的应用。</p>\n<blockquote>\n<p>提示</p>\n<p>本指南专为喜欢<strong>逐步学习概念</strong>的人士设计。如果你想边学边做，请查阅我们的<a href=\"/tutorial/tutorial.html\">实用教程</a>。你会发现该指南与教程是相互补充的。</p>\n</blockquote>\n<p>本文是 React 核心概念分步指南的第一章。你可以在侧边导航栏中找到所有章节的列表。如果你是通过移动设备阅读此内容，你可以通过点击屏幕右下角的按钮来查看导航栏。</p>\n<p>本指南中的每一章节都以其前述章节中介绍的知识点为基础。<strong>你可以按照侧边导航栏中显示的顺序阅读浏览 “核心概念” 的指南章节。以了解 React 的大部分内容。</strong> 例如，<a href=\"/docs/introducing-jsx.html\">“JSX 简介”</a>就是本文的下一章节。</p>\n<h2 id=\"knowledge-level-assumptions\"><a href=\"#knowledge-level-assumptions\" aria-hidden=\"true\" class=\"anchor\"><svg aria-hidden=\"true\" height=\"16\" version=\"1.1\" viewBox=\"0 0 16 16\" width=\"16\"><path fill-rule=\"evenodd\" d=\"M4 9h1v1H4c-1.5 0-3-1.69-3-3.5S2.55 3 4 3h4c1.45 0 3 1.69 3 3.5 0 1.41-.91 2.72-2 3.25V8.59c.58-.45 1-1.27 1-2.09C10 5.22 8.98 4 8 4H4c-.98 0-2 1.22-2 2.5S3 9 4 9zm9-3h-1v1h1c1 0 2 1.22 2 2.5S13.98 12 13 12H9c-.98 0-2-1.22-2-2.5 0-.83.42-1.64 1-2.09V6.25c-1.09.53-2 1.84-2 3.25C6 11.31 7.55 13 9 13h4c1.45 0 3-1.69 3-3.5S14.5 6 13 6z\"></path></svg></a>预备知识 </h2>\n<p>React 是一个 JavaScript 库，所以我们假设你对 JavaScript 语言已有基本的了解。<strong>如果你对自己的基础不自信，我们推荐<a href=\"https://developer.mozilla.org/en-US/docs/Web/JavaScript/A_re-introduction_to_JavaScript\">通过 JavaScript 教程</a>检查你的基础知识储备水平</strong>，使得你能够无压力的阅读本指南。这可能会花费你 30 分钟到 1 个小时的时间，但这样做的好处是你不会觉得同时在学习 React 和 JavaScript。</p>\n<blockquote>\n<p>注意</p>\n<p>本指南的示例中偶尔会使用一些 JavaScript 新语法。如果你在过去几年中并没有使用过 JavaScript，大多数情况下<a href=\"https://gist.github.com/gaearon/683e676101005de0add59e8bb345340c\">这三点</a>应该能帮到你。</p>\n</blockquote>\n<h2 id=\"lets-get-started\"><a href=\"#lets-get-started\" aria-hidden=\"true\" class=\"anchor\"><svg aria-hidden=\"true\" height=\"16\" version=\"1.1\" viewBox=\"0 0 16 16\" width=\"16\"><path fill-rule=\"evenodd\" d=\"M4 9h1v1H4c-1.5 0-3-1.69-3-3.5S2.55 3 4 3h4c1.45 0 3 1.69 3 3.5 0 1.41-.91 2.72-2 3.25V8.59c.58-.45 1-1.27 1-2.09C10 5.22 8.98 4 8 4H4c-.98 0-2 1.22-2 2.5S3 9 4 9zm9-3h-1v1h1c1 0 2 1.22 2 2.5S13.98 12 13 12H9c-.98 0-2-1.22-2-2.5 0-.83.42-1.64 1-2.09V6.25c-1.09.53-2 1.84-2 3.25C6 11.31 7.55 13 9 13h4c1.45 0 3-1.69 3-3.5S14.5 6 13 6z\"></path></svg></a>让我们开始吧！ </h2>\n<p>继续向下滚动，你将在网站页脚右侧找到<a href=\"/docs/introducing-jsx.html\">下一篇指南</a>的链接。</p>","frontmatter":{"title":"Hello World","next":"introducing-jsx.html","prev":"cdn-links.html"},"fields":{"path":"content/docs/hello-world.md","slug":"docs/hello-world.html"}}},"pageContext":{"slug":"docs/hello-world.html"}}