{"data":{"markdownRemark":{"html":"<p>React has a community of millions of developers.</p>\n<p>On this page we’ve listed some React-related communities that you can be a part of; see the other pages in this section for additional online and in-person learning materials.</p>\n<h2 id=\"stack-overflow\"><a href=\"#stack-overflow\" aria-hidden=\"true\" class=\"anchor\"><svg aria-hidden=\"true\" height=\"16\" version=\"1.1\" viewBox=\"0 0 16 16\" width=\"16\"><path fill-rule=\"evenodd\" d=\"M4 9h1v1H4c-1.5 0-3-1.69-3-3.5S2.55 3 4 3h4c1.45 0 3 1.69 3 3.5 0 1.41-.91 2.72-2 3.25V8.59c.58-.45 1-1.27 1-2.09C10 5.22 8.98 4 8 4H4c-.98 0-2 1.22-2 2.5S3 9 4 9zm9-3h-1v1h1c1 0 2 1.22 2 2.5S13.98 12 13 12H9c-.98 0-2-1.22-2-2.5 0-.83.42-1.64 1-2.09V6.25c-1.09.53-2 1.84-2 3.25C6 11.31 7.55 13 9 13h4c1.45 0 3-1.69 3-3.5S14.5 6 13 6z\"></path></svg></a>Stack Overflow </h2>\n<p>Stack Overflow is a popular forum to ask code-level questions or if you’re stuck with a specific error. Read through the <a href=\"https://stackoverflow.com/questions/tagged/reactjs\">existing questions</a> tagged with <strong>reactjs</strong> or <a href=\"https://stackoverflow.com/questions/ask?tags=reactjs\">ask your own</a>!</p>\n<h2 id=\"popular-discussion-forums\"><a href=\"#popular-discussion-forums\" aria-hidden=\"true\" class=\"anchor\"><svg aria-hidden=\"true\" height=\"16\" version=\"1.1\" viewBox=\"0 0 16 16\" width=\"16\"><path fill-rule=\"evenodd\" d=\"M4 9h1v1H4c-1.5 0-3-1.69-3-3.5S2.55 3 4 3h4c1.45 0 3 1.69 3 3.5 0 1.41-.91 2.72-2 3.25V8.59c.58-.45 1-1.27 1-2.09C10 5.22 8.98 4 8 4H4c-.98 0-2 1.22-2 2.5S3 9 4 9zm9-3h-1v1h1c1 0 2 1.22 2 2.5S13.98 12 13 12H9c-.98 0-2-1.22-2-2.5 0-.83.42-1.64 1-2.09V6.25c-1.09.53-2 1.84-2 3.25C6 11.31 7.55 13 9 13h4c1.45 0 3-1.69 3-3.5S14.5 6 13 6z\"></path></svg></a>Popular Discussion Forums </h2>\n<p>There are many online forums which are a great place for discussion about best practices and application architecture as well as the future of React. If you have an answerable code-level question, Stack Overflow is usually a better fit.</p>\n<p>Each community consists of many thousands of React users.</p>\n<ul>\n<li><a href=\"https://dev.to/t/react\">DEV’s React community</a></li>\n<li><a href=\"https://hashnode.com/n/reactjs\">Hashnode’s React community</a></li>\n<li><a href=\"https://discord.gg/0ZcbPKXt5bZjGY5n\">Reactiflux online chat</a></li>\n<li><a href=\"https://www.reddit.com/r/reactjs/\">Reddit’s React community</a></li>\n<li><a href=\"https://spectrum.chat/react\">Spectrum’s React community</a></li>\n</ul>\n<h2 id=\"news\"><a href=\"#news\" aria-hidden=\"true\" class=\"anchor\"><svg aria-hidden=\"true\" height=\"16\" version=\"1.1\" viewBox=\"0 0 16 16\" width=\"16\"><path fill-rule=\"evenodd\" d=\"M4 9h1v1H4c-1.5 0-3-1.69-3-3.5S2.55 3 4 3h4c1.45 0 3 1.69 3 3.5 0 1.41-.91 2.72-2 3.25V8.59c.58-.45 1-1.27 1-2.09C10 5.22 8.98 4 8 4H4c-.98 0-2 1.22-2 2.5S3 9 4 9zm9-3h-1v1h1c1 0 2 1.22 2 2.5S13.98 12 13 12H9c-.98 0-2-1.22-2-2.5 0-.83.42-1.64 1-2.09V6.25c-1.09.53-2 1.84-2 3.25C6 11.31 7.55 13 9 13h4c1.45 0 3-1.69 3-3.5S14.5 6 13 6z\"></path></svg></a>News </h2>\n<p>For the latest news about React, <a href=\"https://twitter.com/reactjs\">follow <strong>@reactjs</strong> on Twitter</a> and the <a href=\"/blog/\">official React blog</a> on this website.</p>","frontmatter":{"title":"Where To Get Support","next":null,"prev":null},"fields":{"path":"content/community/support.md","slug":"community/support.html"}}},"pageContext":{"slug":"community/support.html"}}